{
  "_meta": {
    "note": "INSPECTION ARTIFACT (module 1) \u2014 car-availability band shapes; no model wiring",
    "source": "NTS microdata (UKDS SN 5340) via analysis/nts_microdata.py",
    "years": [
      2023,
      2024
    ],
    "band_variable": "household NumCarVan (car-or-van count)",
    "bands": [
      "0",
      "1",
      "2",
      "3+"
    ],
    "vehicle_mode_codes_B04": [
      3,
      5,
      12
    ],
    "units": "res/commute/retail = veh-driver trips/person/day; school = trips/FT-student/day",
    "school_escort": "per-band W2-weighted NON-NEGATIVE household regression (nnls); indicative, not an exact partition of the pooled beta",
    "school_age18_selfdrive": "FIRM_AGE18 kept band-invariant (faithful mirror of derive_school_generation._compute)",
    "persons_per_band_W2": {
      "0": 5529.757429501033,
      "1": 13216.05140694167,
      "2": 10867.448159735792,
      "3+": 3254.851321745674
    },
    "persons_per_band_n": {
      "0": 5638,
      "1": 15103,
      "2": 12547,
      "3+": 3688
    }
  },
  "components": {
    "res": {
      "basis": "per-capita",
      "rate": {
        "0": 0.011476755966311463,
        "1": 0.17077289031577006,
        "2": 0.2008655668511152,
        "3+": 0.2194989525157234
      },
      "relative": {
        "0": 0.07229553211310286,
        "1": 1.075749716392993,
        "2": 1.2653125222256127,
        "3+": 1.382689813826635
      },
      "band_weighted_mean": 0.1587477902279858,
      "point_rate_ref": 0.15876885054371953,
      "n_trips": {
        "0": 360,
        "1": 15163,
        "2": 14634,
        "3+": 4183
      }
    },
    "commute": {
      "basis": "per-capita",
      "rate": {
        "0": 0.01973675926136656,
        "1": 0.16771008101577808,
        "2": 0.2794931550027355,
        "3+": 0.37582778226361707
      },
      "relative": {
        "0": 0.09849464982523712,
        "1": 0.8369431618971612,
        "2": 1.3947872629946187,
        "3+": 1.8755371800632374
      },
      "band_weighted_mean": 0.20038407463132524,
      "point_rate_ref": 0.20043195346898554,
      "n_trips": {
        "0": 571,
        "1": 13200,
        "2": 18938,
        "3+": 6826
      }
    },
    "retail": {
      "basis": "per-capita",
      "rate": {
        "0": 0.05777458565481598,
        "1": 0.6018232597908011,
        "2": 0.7370495433579902,
        "3+": 0.809433511832695
      },
      "relative": {
        "0": 0.10037939917540577,
        "1": 1.0456268364868668,
        "2": 1.2805732743254217,
        "3+": 1.4063354789880995
      },
      "band_weighted_mean": 0.5755621783894029,
      "point_rate_ref": 0.5755264736196705,
      "n_trips": {
        "0": 1806,
        "1": 53486,
        "2": 53997,
        "3+": 15861
      }
    },
    "school_primary": {
      "basis": "per-student",
      "rate": {
        "0": 0.024616287023413168,
        "1": 0.30066582241226053,
        "2": 0.5389882044908004,
        "3+": 0.7911778658353961
      },
      "relative": {
        "0": 0.06437446782916961,
        "1": 0.7862762687890205,
        "2": 1.4095171541221332,
        "3+": 2.0690225956062913
      },
      "band_weighted_mean": 0.3823920857681862,
      "point_rate_ref": 0.378990428783398,
      "escort": {
        "0": 0.011629733093870625,
        "1": 0.2905303765216963,
        "2": 0.5327014015954118,
        "3+": 0.7897131026669625
      },
      "self_drive": {
        "0": 0.012986553929542545,
        "1": 0.010135445890564242,
        "2": 0.0062868028953886185,
        "3+": 0.0014647631684335588
      },
      "reg_households": {
        "0": 629,
        "1": 1796,
        "2": 1699,
        "3+": 391
      },
      "student_mass": {
        "0": 318.93222251415614,
        "1": 979.6272625025433,
        "2": 937.5329138012125,
        "3+": 115.83937880034992
      }
    },
    "school_postprimary": {
      "basis": "per-student",
      "rate": {
        "0": 0.01298237844475797,
        "1": 0.2964127728305268,
        "2": 0.4043591296414794,
        "3+": 0.5838100566984926
      },
      "relative": {
        "0": 0.0391079427205712,
        "1": 0.89290986168891,
        "2": 1.218086019279791,
        "3+": 1.7586615853335434
      },
      "band_weighted_mean": 0.3319627048018841,
      "point_rate_ref": 0.32716286928578775,
      "escort": {
        "0": 0.008993143956971572,
        "1": 0.27812238774263615,
        "2": 0.38762625676034385,
        "3+": 0.5684886864965225
      },
      "self_drive": {
        "0": 0.0039892344877863984,
        "1": 0.018290385087890663,
        "2": 0.016732872881135546,
        "3+": 0.015321370201970087
      },
      "reg_households": {
        "0": 629,
        "1": 1796,
        "2": 1699,
        "3+": 391
      },
      "student_mass": {
        "0": 327.813600979652,
        "1": 940.10004612511,
        "2": 1044.8282671014385,
        "3+": 247.54975794588574
      }
    },
    "school_tertiary": {
      "basis": "per-student",
      "rate": {
        "0": 0.009975486878562999,
        "1": 0.030588686453111556,
        "2": 0.0559060867942264,
        "3+": 0.10485210899419806
      },
      "relative": {
        "0": 0.2248983489654825,
        "1": 0.6896249941555336,
        "2": 1.260408315925096,
        "3+": 2.3639012797479504
      },
      "band_weighted_mean": 0.04435553628761428,
      "point_rate_ref": 0.048557833469702424,
      "escort": {
        "0": 0.0,
        "1": 0.0,
        "2": 0.021114013909507425,
        "3+": 0.03795095323362225
      },
      "self_drive": {
        "0": 0.009975486878562999,
        "1": 0.030588686453111556,
        "2": 0.03479207288471897,
        "3+": 0.0669011557605758
      },
      "reg_households": {
        "0": 629,
        "1": 1796,
        "2": 1699,
        "3+": 391
      },
      "student_mass": {
        "0": 357.5889123439198,
        "1": 607.8337536537158,
        "2": 454.17308978032287,
        "3+": 254.82321697665876
      }
    }
  }
}