{
  "_meta": {
    "source": "NTS microdata (UKDS SN 5340) via analysis/nts_microdata.py",
    "years": [
      2023,
      2024
    ],
    "mode_basis": "car-driver MainMode_B04ID {3,5,12}; LDJ vehicle LDJMode_B01ID {4,5,6,16,17}",
    "weight": "body JJXSC x W5; tail LDJ W4 x driver_fraction, total-pinned to trip-table >=50 mass",
    "axis": "trip length, miles (TripDisIncSW / LDJDistance)",
    "driver_fraction_ge50": 0.5700144010805465,
    "bin_edges_miles": [
      0.0,
      0.25,
      0.5,
      0.75,
      1.0,
      1.5,
      2.0,
      3.0,
      5.0,
      7.5,
      10.0,
      15.0,
      25.0,
      35.0,
      50.0,
      75.0,
      100.0,
      150.0,
      300.0
    ],
    "tail_source": "LDJ >=50 mi shape, total-pinned per component (first tail bin index 14)"
  },
  "bin_edges_miles": [
    0.0,
    0.25,
    0.5,
    0.75,
    1.0,
    1.5,
    2.0,
    3.0,
    5.0,
    7.5,
    10.0,
    15.0,
    25.0,
    35.0,
    50.0,
    75.0,
    100.0,
    150.0,
    300.0
  ],
  "bin_mid_miles": [
    0.125,
    0.3535533905932738,
    0.6123724356957945,
    0.8660254037844386,
    1.224744871391589,
    1.7320508075688772,
    2.449489742783178,
    3.872983346207417,
    6.123724356957945,
    8.660254037844387,
    12.24744871391589,
    19.364916731037084,
    29.58039891549808,
    41.83300132670378,
    61.237243569579455,
    86.60254037844386,
    122.47448713915891,
    212.13203435596427
  ],
  "components": {
    "commute": {
      "n_trips_body": 39558,
      "sum_w_body": 46138.559569744044,
      "n_ldj_tail": 1431,
      "triptable_only": {
        "mass": [
          53.52687295209922,
          166.11461527696147,
          714.469773190182,
          360.1756239631576,
          2720.5950905076816,
          1905.8739899707718,
          5396.620676191042,
          8037.182547561209,
          7702.288542861798,
          3671.9460562663435,
          6153.518857327913,
          5585.938102363284,
          2070.3181800036173,
          897.414221442317,
          501.80294696173115,
          108.64817402714061,
          61.14829561233167,
          30.977003264458318
        ],
        "share": [
          0.001160133160880041,
          0.00360034246465495,
          0.015485307297254785,
          0.007806390735252764,
          0.058965756969399354,
          0.041307617917499394,
          0.1169655213885339,
          0.17419665075178672,
          0.16693820992003128,
          0.07958519057613299,
          0.13337041543367043,
          0.12106875798581142,
          0.04487175584391793,
          0.019450416957334057,
          0.010875999416565986,
          0.0023548237101530165,
          0.0013253186961742617,
          0.0006713907749467734
        ],
        "density": [
          0.004640532643520164,
          0.0144013698586198,
          0.06194122918901914,
          0.031225562941011056,
          0.11793151393879871,
          0.08261523583499879,
          0.1169655213885339,
          0.08709832537589336,
          0.06677528396801251,
          0.031834076230453194,
          0.026674083086734086,
          0.012106875798581142,
          0.004487175584391793,
          0.0012966944638222704,
          0.0004350399766626394,
          9.419294840612066e-05,
          2.6506373923485233e-05,
          4.475938499645156e-06
        ],
        "eff_n": [
          50.6050545779825,
          148.578519874041,
          576.0629788324238,
          247.02731708603082,
          1787.417786625694,
          1416.0283063504664,
          4010.465163431726,
          5734.615693778178,
          5742.951017930685,
          2772.7107420858674,
          4625.7975558144235,
          4038.663826458397,
          1385.657570795539,
          689.4904073768661,
          329.61018280514395,
          83.25203483487219,
          46.36290388525119,
          27.126776209119427
        ]
      },
      "ldj_boosted": {
        "mass": [
          53.52687295209922,
          166.11461527696147,
          714.469773190182,
          360.1756239631576,
          2720.5950905076816,
          1905.8739899707718,
          5396.620676191042,
          8037.182547561209,
          7702.288542861798,
          3671.9460562663435,
          6153.518857327913,
          5585.938102363284,
          2070.3181800036173,
          897.414221442317,
          461.13700295666246,
          105.8561565372254,
          91.09132460873177,
          44.49193576304203
        ],
        "share": [
          0.0011601331608800409,
          0.0036003424646549494,
          0.015485307297254784,
          0.007806390735252762,
          0.05896575696939934,
          0.04130761791749939,
          0.11696552138853389,
          0.1741966507517867,
          0.16693820992003125,
          0.07958519057613297,
          0.13337041543367043,
          0.1210687579858114,
          0.04487175584391792,
          0.019450416957334054,
          0.009994612039407035,
          0.002294309955151741,
          0.0019742992728465254,
          0.0009643113304347323
        ],
        "density": [
          0.0046405326435201635,
          0.014401369858619797,
          0.061941229189019134,
          0.03122556294101105,
          0.11793151393879868,
          0.08261523583499877,
          0.11696552138853389,
          0.08709832537589335,
          0.0667752839680125,
          0.03183407623045319,
          0.026674083086734086,
          0.01210687579858114,
          0.004487175584391792,
          0.0012966944638222702,
          0.0003997844815762814,
          9.177239820606964e-05,
          3.948598545693051e-05,
          6.428742202898215e-06
        ],
        "eff_n": [
          50.6050545779825,
          148.578519874041,
          576.0629788324238,
          247.02731708603082,
          1787.417786625694,
          1416.0283063504664,
          4010.465163431726,
          5734.615693778178,
          5742.951017930685,
          2772.7107420858674,
          4625.7975558144235,
          4038.663826458397,
          1385.657570795539,
          689.4904073768661,
          700.0438389889952,
          171.94881207666305,
          180.14608977940404,
          69.56243072677529
        ]
      }
    },
    "retail": {
      "n_trips_body": 125109,
      "sum_w_body": 132483.67851274167,
      "n_ldj_tail": 7810,
      "triptable_only": {
        "mass": [
          537.7453422547543,
          1526.5589911662123,
          5531.547298396851,
          2135.2906156209783,
          16361.933343419645,
          8920.863618518417,
          21521.283209667163,
          25430.638848440005,
          18529.20977363416,
          7570.606284144137,
          9931.573670308006,
          7293.787946058656,
          2583.207738552703,
          1681.6540223888012,
          1238.8952950607186,
          664.9989060689323,
          601.0170357489368,
          383.44621072043844
        ],
        "share": [
          0.00406016349644272,
          0.011526048863782012,
          0.04176509707295131,
          0.016122183365623283,
          0.12353826109145455,
          0.06735560863955053,
          0.1624931387004007,
          0.19201012715557622,
          0.13990194843044956,
          0.05716069831853597,
          0.07498681942895005,
          0.05507062403406518,
          0.019504112708485864,
          0.012697070041965042,
          0.009354088371698379,
          0.005020971957236044,
          0.004537886686393643,
          0.0028951516364391955
        ],